{
	"loop_end": 3.351885080337524414,
	"loop_start": 0,
	"media_duration": 3.351885080337524414,
	"version": "1.0" 
} 
